<linker>
 <assembly fullname="Unity.Burst">
  <type fullname="Unity.Burst.LowLevel.BurstCompilerService">
   <method name="GetOrCreateSharedMemory"/>
  </type>
  <type fullname="Unity.Burst.LowLevel.BurstCompilerService">
   <method name="RuntimeLog"/>
  </type>
 </assembly>
 <assembly fullname="Unity.Collections">
  <type fullname="Unity.Collections.AllocatorManager">
   <method name=".cctor"/>
  </type>
  <type fullname="Unity.Collections.AllocatorManager.SharedStatics.TableEntry">
   <method name=".cctor"/>
  </type>
  <type fullname="Unity.Jobs.LowLevel.Unsafe.JobsUtility">
   <method name="get_ThreadIndexCount"/>
  </type>
 </assembly>
 <assembly fullname="Unity.RenderPipelines.GPUDriven.Runtime">
  <type fullname="Unity.Collections.LowLevel.Unsafe.UnsafeUtility">
   <method name="Malloc"/>
  </type>
 </assembly>
 <assembly fullname="Unity.RenderPipelines.Universal.Runtime">
  <type fullname="UnityEngine.Rendering.Universal.DecalUpdateCachedSystem.UpdateTransformsJob">
   <method name=".cctor"/>
  </type>
 </assembly>
 <assembly fullname="UnityEngine.CoreModule">
  <type fullname="Unity.Jobs.LowLevel.Unsafe.JobsUtility">
   <method name="GetWorkStealingRange"/>
  </type>
  <type fullname="Unity.Collections.LowLevel.Unsafe.UnsafeUtility">
   <method name="FreeTracked"/>
  </type>
  <type fullname="Unity.Collections.LowLevel.Unsafe.UnsafeUtility">
   <method name="MallocTracked"/>
  </type>
  <type fullname="UnityEngine.Rendering.GPUDrivenProcessor">
   <method name="ClassifyMaterialsImpl_Injected"/>
  </type>
  <type fullname="UnityEngine.Jobs.TransformAccessArray">
   <method name="GetSortedToUserIndex"/>
  </type>
  <type fullname="UnityEngine.Jobs.TransformAccessArray">
   <method name="GetSortedTransformAccess"/>
  </type>
  <type fullname="UnityEngine.Jobs.TransformAccess">
   <method name="GetPosition"/>
  </type>
  <type fullname="UnityEngine.Jobs.TransformAccess">
   <method name="GetRotation"/>
  </type>
  <type fullname="UnityEngine.Jobs.TransformAccess">
   <method name="GetLocalScale"/>
  </type>
  <type fullname="UnityEngine.Jobs.TransformAccess">
   <method name="GetLocalToWorldMatrix"/>
  </type>
  <type fullname="UnityEngine.Rendering.BatchRendererGroup">
   <method name="OcclusionTestAABB_Injected"/>
  </type>
  <type fullname="UnityEngine.LightProbesQuery">
   <method name="CalculateInterpolatedLightAndOcclusionProbes"/>
  </type>
  <type fullname="UnityEngine.U2D.Clipper2D">
   <method name="Internal_Execute_Cleanup"/>
  </type>
  <type fullname="UnityEngine.U2D.ClipperOffset2D">
   <method name="Internal_Execute"/>
  </type>
  <type fullname="UnityEngine.U2D.ClipperOffset2D">
   <method name="Internal_Execute_Cleanup"/>
  </type>
  <type fullname="UnityEngine.U2D.Clipper2D">
   <method name="Internal_Execute_Injected"/>
  </type>
 </assembly>
</linker>
