{
    "totalVariantsIn": 1,
    "totalVariantsOut": 1,
    "shaders": [
        {
            "inputVariants": 1,
            "outputVariants": 1,
            "name": "ProbeVolumeSamplingDebugPositionNormal",
            "pipelines": [
                {
                    "inputVariants": 1,
                    "outputVariants": 1,
                    "pipeline": "",
                    "variants": [
                        {
                            "inputVariants": 1,
                            "outputVariants": 1,
                            "variantName": "Kernel: ComputePositionNormal",
                            "stripTimeMs": 0.0021000000000000005
                        }
                    ]
                }
            ]
        }
    ]
}