{
  "player_build_data": [
    {
      "type": "playerBuildTimingData",
      "msg": {
        "build_event_id": "31a4b6f367f2246118383b8a3e294b50",
        "build_player": 75228,
        "preprocess_player": 72,
        "produce_player_script_assemblies": 10975,
        "build_scripts_dlls": 13,
        "writing_asset_files": 49803,
        "postprocess_built_player": 9388,
        "node_summary_table": [
          {
            "name": "Csc",
            "duration": 127
          },
          {
            "name": "Csc",
            "duration": 491
          },
          {
            "name": "Csc",
            "duration": 319
          },
          {
            "name": "Csc",
            "duration": 315
          },
          {
            "name": "Csc",
            "duration": 374
          },
          {
            "name": "Csc",
            "duration": 1425
          },
          {
            "name": "Csc",
            "duration": 879
          },
          {
            "name": "Csc",
            "duration": 706
          },
          {
            "name": "Csc",
            "duration": 219
          },
          {
            "name": "Csc",
            "duration": 97
          },
          {
            "name": "Csc",
            "duration": 379
          },
          {
            "name": "Csc",
            "duration": 359
          },
          {
            "name": "Csc",
            "duration": 285
          },
          {
            "name": "Csc",
            "duration": 289
          },
          {
            "name": "Csc",
            "duration": 1647
          },
          {
            "name": "Csc",
            "duration": 699
          },
          {
            "name": "Csc",
            "duration": 118
          },
          {
            "name": "Csc",
            "duration": 1026
          },
          {
            "name": "Csc",
            "duration": 125
          },
          {
            "name": "Csc",
            "duration": 1048
          },
          {
            "name": "Csc",
            "duration": 683
          },
          {
            "name": "Csc",
            "duration": 503
          },
          {
            "name": "Csc",
            "duration": 742
          },
          {
            "name": "Csc",
            "duration": 364
          },
          {
            "name": "Csc",
            "duration": 1010
          },
          {
            "name": "Csc",
            "duration": 368
          },
          {
            "name": "Csc",
            "duration": 515
          },
          {
            "name": "Csc",
            "duration": 2273
          },
          {
            "name": "Csc",
            "duration": 854
          },
          {
            "name": "Csc",
            "duration": 683
          },
          {
            "name": "Csc",
            "duration": 376
          },
          {
            "name": "Csc",
            "duration": 559
          },
          {
            "name": "Csc",
            "duration": 207
          },
          {
            "name": "Csc",
            "duration": 328
          },
          {
            "name": "Csc",
            "duration": 78
          },
          {
            "name": "Csc",
            "duration": 1313
          },
          {
            "name": "Csc",
            "duration": 97
          },
          {
            "name": "Csc",
            "duration": 127
          },
          {
            "name": "Csc",
            "duration": 127
          },
          {
            "name": "UnityLinker.exe",
            "duration": 243
          }
        ]
      },
      "version": 1
    },
    {
      "type": "unityLinkerData",
      "msg": {
        "build_event_id": "31a4b6f367f2246118383b8a3e294b50",
        "node_executed": true,
        "option_rule_set": "Copy"
      },
      "version": 1
    }
  ]
}